dataset_id,dataset_name,analytical_module,hazard_type,scenario_type,time_period,spatial_resolution_m,geographic_coverage,data_format,access_type,download_url,gee_asset_id,license,citation,doi,version,preprocessing_notes,limitations,description,grain_type,admin_level
worldclim_v2_bioclim,WorldClim v2.1 Bioclimatic Variables,climate_hazard,multi,baseline,1970–2000,1000,"[""global""]",geotiff,direct_download,https://www.worldclim.org/data/worldclim21.html,WORLDCLIM/V1/BIO,CC-BY-4.0,"Fick, S.E. & Hijmans, R.J. (2017). WorldClim 2: new 1km spatial resolution climate surfaces for global land areas. International Journal of Climatology, 37(12), 4302–4315.",10.1002/joc.5086,v2.1,"Resample to 1 km COG, clip to AOI. BIO1=Annual Mean Temp; BIO12=Annual Precipitation; BIO15=Precipitation Seasonality most relevant for agroforestry suitability.",30-year climatological mean; does not capture interannual variability or extremes. Resolution may mask local topographic effects. Not for: Site-level microclimate analysis or real-time weather monitoring,Global gridded bioclimatic variables (BIO1-BIO19) derived from 1970-2000 monthly temperature and precipitation.,grid,
chelsa_bioclim_v21_baseline,CHELSA Bioclimatic Variables v2.1 (Baseline),climate_hazard,multi,baseline,1981–2010,1000,"[""global""]",geotiff_cog,direct_download,https://chelsa-climate.org/bioclim/,,CC-BY-4.0,"Karger, D.N. et al. (2017). Climatologies at high resolution for the earth's land surface areas (CHELSA). Scientific Data, 4, 170122.",10.1038/sdata.2017.122,v2.1,"Resample to 1 km COG. CHELSA-BIOCLIM+ Version 1.2 used by Yadav et al. (2024) for agroforestry suitability in Punjab. Use Bio1 (Annual Mean Temp), Bio12 (Annual Precipitation), Tmax_Jan, Tmax_May.",Statistical downscaling from ERA5; may show artefacts in complex terrain. Less validated over Africa and Central Asia. Not for: Short-term weather forecasting or sub-field precision agriculture,"Bias-corrected high-resolution global bioclimatic variables, climatology 1981-2010 (~1 km).",grid,
chelsa_bioclim_ssp245_2050,"CHELSA Bioclimatic Variables v2.1 (SSP2-4.5, 2041–2070)",climate_hazard,heat_stress,future_ssp245,2041–2070,1000,"[""global""]",geotiff_cog,direct_download,https://chelsa-climate.org/cmip6/,,CC-BY-4.0,"Karger, D.N. et al. (2023). CHELSA-W5E5: Daily 1 km meteorological forcing data for climate impact studies. Earth System Science Data, 15, 2445–2464.",10.5194/essd-15-2445-2023,v2.1,Use delta-change approach relative to baseline. Clip to project AOI. Ensemble mean of available CMIP6 GCMs preferred.,Ensemble spread is wide in tropical regions. Precipitation projections carry higher uncertainty than temperature. Not for: Single-GCM deterministic planning; local infrastructure design,CHELSA bioclimatic variables under SSP2-4.5 around 2050 (CMIP6 ensemble downscaled).,grid,
spei_global_v211,SPEIbase v2.11 (Standardised Precipitation-Evapotranspiration Index; CSIC),climate_hazard,drought,baseline,1901–present,55000,"[""global""]",geotiff_cog,gee_asset,https://spei.csic.es/database.html,CSIC/SPEI/2_11,CC-BY-4.0,"Vicente-Serrano, S.M. et al. (2010). A Multiscalar Drought Index Sensitive to Global Warming: The Standardized Precipitation Evapotranspiration Index. Journal of Climate, 23(7), 1696–1718.",10.1175/2009JCLI2909.1,v2.11,GEE ImageCollection CSIC/SPEI/2_11 (band SPEI_12_month). Reduce server-side to drought FREQUENCY = fraction of months in a baseline window with SPEI-12 < -1; pull the AOI grid via xee. Loader: src/nbs_ruralscan/data_loaders/datasets/spei_global_v211.py.,Coarse 0.5° (~55 km) — limited within-country differentiation for small AOIs; a CHELSA 1 km SPEI is the fitness upgrade. Penman-Monteith PET. Not for: farm-level or flash-drought monitoring.,SPEIbase v2.11 (CSIC) — Standardized Precipitation-Evapotranspiration Index at 0.5° (~55 km) monthly; SPEI accumulations 1-48 months; 1901-present; Penman-Monteith PET.,grid,
isric_soilgrids250_v2,ISRIC SoilGrids 250m v2.0,structural_suitability,,,circa 2000–2015,250,"[""global""]",geotiff_cog,gee_asset,https://www.isric.org/explore/soilgrids,projects/soilgrids-isric/,CC-BY-4.0,"Poggio, L. et al. (2021). SoilGrids 2.0: producing soil information for the globe with quantified spatial uncertainty. SOIL, 7, 217–240.",10.5194/soil-7-217-2021,v2.0,"Extract layers at 0–30 cm depth (topsoil) and 30–60 cm (subsoil). Resample to 1 km. pH, SOC, clay content, CEC are primary agroforestry suitability constraints per Ahmad et al. (2020), Chuma et al. (2021), Haile (2024).",Prediction uncertainty is high in data-sparse regions (much of sub-Saharan Africa). Point observations biased toward accessible areas. Temporal static — does not capture land-use change effects on soil. Not for: Precision soil management at plot level; nutrient management plans without ground-truthing,Global digital soil mapping (250 m) of physical and chemical soil properties at six depths.,grid,
hwsd_v2,Harmonized World Soil Database v2.0,structural_suitability,,,circa 1990–2007,1000,"[""global""]",geotiff,direct_download,https://www.fao.org/soils-portal/soil-survey/soil-maps-and-databases/harmonized-world-soil-database-v20/en/,,CC-BY-4.0,"FAO/IIASA/ISRIC/ISSCAS/JRC (2023). Harmonized World Soil Database version 2.0. FAO, Rome, Italy & IIASA, Laxenburg, Austria.",10.4060/cc3823en,v2.0,Used by Ahmad et al. (2020) as primary soil input for South Asia agroforestry suitability. Join soil mapping unit attributes on raster values. Extract topsoil properties for suitability scoring.,Coarser conceptual resolution than SoilGrids despite same pixel size — many large mapping units contain internally variable soils. Outdated in rapidly changing agricultural areas. Not for: Detailed site characterisation; soil carbon accounting,Harmonized World Soil Database v2 — global ~1 km soil units with property attributes.,grid,
esa_worldcover_2021,ESA WorldCover 2021 (10m Land Cover),structural_suitability,,,2021,10,"[""global""]",geotiff_cog,gee_asset,https://esa-worldcover.org/,ESA/WorldCover/v200,CC-BY-4.0,"Zanaga, D. et al. (2022). ESA WorldCover 10m 2021 v200. Zenodo.",10.5281/zenodo.7254221,v200 (2021),"Reclassify to agricultural mask (cropland, grassland, sparse vegetation) to define eligible agroforestry conversion area. Exclude built-up, water bodies, bare soil with high salinity. Aggregate to 100m or 1km for pipeline. Used as LULC base by multiple AF studies.",Mixed-pixel confusion in fragmented agricultural landscapes. Annual snapshot — does not capture seasonal cultivation. Accuracy lower in arid landscapes and under cloud cover. Not for: Crop-type mapping; sub-field land use classification,"ESA WorldCover 10 m global land-cover map (2021), Sentinel-1/2 derived 11-class classification.",grid,
global_aridity_index_v3,Global Aridity Index and PET v3 (CGIAR-CSI),climate_hazard,drought,baseline,1970–2000,1000,"[""global""]",geotiff,direct_download,https://figshare.com/articles/dataset/Global_Aridity_Index_and_Potential_Evapotranspiration_ET0_Climate_Database_v2/7504448,,CC-BY-4.0,"Trabucco, A. & Zomer, R. (2019). Global Aridity Index and Potential Evapotranspiration (ET0) Climate Database v2. CGIAR-CSI GeoPortal.",10.6084/m9.figshare.7504448,v3,AI < 0.5 = dryland; used to mask unsuitable extreme arid zones for agroforestry. Ahmad et al. (2020) use aridity index as key suitability layer for South Asia. Nath et al. (2021) use Global Aridity Index for Himalayan region.,Derived from WorldClim 1970–2000 climatology — does not reflect recent drying trends. PET estimated with Penman-Monteith assuming reference crop. Not for: Real-time drought monitoring; current water stress assessment,Global-Aridity Index v3 — long-term P/PET ratio at ~1 km (CGIAR-CSI).,grid,
protected_areas_wdpa,World Database on Protected Areas (WDPA),structural_suitability,,,Updated monthly,,"[""global""]",shapefile,direct_download,https://www.protectedplanet.net/en/thematic-areas/wdpa,WCMC/WDPA/current/polygons,Custom (restricted commercial use),UNEP-WCMC & IUCN (2024). Protected Planet: The World Database on Protected Areas (WDPA). Cambridge: UNEP-WCMC and IUCN.,,Monthly release May 2026,"Rasterize to 100m. Hard exclusion mask for IUCN categories Ia, Ib, II for agroforestry suitability (conversion not permitted). Categories V, VI may allow agroforestry within management plans — flag as conditional. Used by Chuma et al. (2021) as exclusion layer around Itombwe Nature Reserve.",Boundary data quality varies by country. Some protected areas are paper parks with little enforcement. Does not capture community conserved areas (OECMs) comprehensively. Not for: Legal compliance decisions; site-level permitting,World Database on Protected Areas — global polygons of legally protected sites (UNEP-WCMC / IUCN).,vector,
osm_road_network,OpenStreetMap Road Network,structural_suitability,,,Updated continuously (use annual snapshot),,"[""global""]",shapefile,direct_download,https://download.geofabrik.de/,,ODbL-1.0,OpenStreetMap contributors (2024). OpenStreetMap. www.openstreetmap.org.,,2024 annual snapshot,Compute Euclidean distance to nearest road of any class. Used by Chuma et al. (2021) as infrastructure accessibility layer. Apply 5km threshold as moderate accessibility constraint for agroforestry market access. is_scenario_candidate = true (road investment can change this).,"OSM coverage quality is highly variable in rural sub-Saharan Africa, Central Asia, and remote tropical regions — significant under-mapping in key project areas. Validate against national road datasets where possible. Not for: Routing or logistics planning; travel-time modelling without validation","OpenStreetMap global road network vector lines, multiple admin levels.",vector,
worldpop_population_density,"WorldPop Population Density 2020 (constrained, 100m)",exposure,,,2020,100,"[""global""]",geotiff_cog,direct_download,https://hub.worldpop.org/geodata/listing?id=75,WorldPop/GP/100m/pop,CC-BY-4.0,WorldPop (2020). Global High Resolution Population Denominators Project - Funded by The Bill & Melinda Gates Foundation (OPP1134076). University of Southampton.,10.5258/SOTON/WP00674,2020,Aggregate to 1 km for pipeline. Use as proxy for population exposure in climate risk and as denominator for opportunity space poverty metrics.,Constrained model relies on settlement/building footprint mapping — may undercount nomadic/dispersed rural populations. Accuracy varies with census quality of input data. Not for: Individual household targeting; electoral boundary analysis,Global gridded population estimates at 100 m for the year stated (WorldPop).,grid,
fao_gsoc_map,FAO Global Soil Organic Carbon Map (GSOCmap) v1.6.1,opportunity_space,,,circa 2010–2015,1000,"[""global""]",geotiff,direct_download,https://www.fao.org/soils-portal/soil-survey/soil-maps-and-databases/global-soil-organic-carbon-map-gsocmap/en/,,CC-BY-4.0,"FAO & ITPS (2018). Global Soil Organic Carbon Map (GSOCmap) v1.6.1. Technical Report. FAO, Rome.",10.4060/I8891EN,v1.6.1,Use as carbon co-benefit layer in opportunity space. Mendonça et al. (2023) use SOC sequestration potential as an agroforestry prioritisation criterion. Kiziridis et al. (2026) map silvopastoral carbon sequestration. Complement with FAO GSOCseq for sequestration rate.,Country submissions vary in quality and methodology. National and sub-national SOC maps (where available) should be used in preference. Not for: Carbon crediting baselines without country-specific validation; REDD+ baseline setting,FAO Global Soil Organic Carbon map — country-validated 1 km topsoil (0-30 cm) SOC stocks.,grid,
gaez_v4_aez33,FAO-IIASA Global Agro-Ecological Zones v4 (33-class AEZ),geographic_context,,,1981–2010,10000,"[""global""]",geotiff_cog,direct_download,https://gaez.fao.org/,,CC-BY-4.0,"FAO & IIASA (2021). Global Agro-Ecological Zones – GAEZ v4. FAO, Rome & IIASA, Laxenburg.",10.4060/cb4744en,v4,"Use for AEZ context classification in T7. Key AEZ groups for agroforestry context overrides: humid tropics, sub-humid tropics, semi-arid, highland tropics. Loader: src/nbs_ruralscan/data_loaders/datasets/gaez_v4_aez33.py — streams the GAEZ v4 5-arc-min AEZ COG from data.gaezdev.aws.fao.org (.../LR/aez/aez_v9v2red_5m_CRUTS32_Hist_8110_100_avg.tif) via /vsicurl/; nominal classes 1–33 (0=nodata), categorical → nearest.",AEZ boundaries are climate-envelope based and do not capture soil or management diversity within zones. Not for: Crop yield modelling at field scale,Global Agro-Ecological Zones v4 — 33-class agro-ecological zoning at ~10 km (5 arc-min).,grid,
fao_farming_systems,FAO/IFAD Farming Systems of the World (Dixon et al. 2001 / updated),geographic_context,,,circa 2000,10000,"[""developing_regions""]",shapefile,direct_download,https://www.fao.org/family-farming/detail/en/c/285215/,,CC-BY-4.0,"Dixon, J., Gulliver, A. & Gibbon, D. (2001). Farming Systems and Poverty: Improving Farmers' Livelihoods in a Changing World. FAO and World Bank, Rome & Washington D.C.",,2001 (base); updated regional maps where available,Rasterize at 10 km then resample to 1 km with majority resampling. Used to populate T7 farming system contexts and to apply context-specific suitability overrides in T4.,Classification is 20+ years old; agricultural systems have shifted significantly in some regions. Mixed-farming boundaries are expert-delineated and coarse. Not for: Subnational farming system analysis without local validation,FAO Dixon farming-systems typology for developing regions (Africa/Asia/Latin America).,grid,
world_bank_poverty_pip,World Bank Poverty and Inequality Platform — Subnational Poverty Estimates,opportunity_space,,,Most recent available (2015–2023),,"[""global""]",csv,api,https://pip.worldbank.org/,,CC-BY-4.0,"World Bank (2024). Poverty and Inequality Platform (PIP). World Bank Group, Washington DC.",,2024 release,Interpolate to raster using admin boundary weights and WorldPop population density. Combine with spatial poverty maps (e.g. CGIAR CELL5M poverty layers) for higher-resolution estimates.,Sub-national resolution limited to admin-1 or -2 in most countries. Survey years vary. Does not capture within-admin spatial variation. Not for: Household targeting; beneficiary selection for project implementation,World Bank PIP subnational poverty headcount estimates at admin-1 (admin-2 where available).,admin,admin1
hansen_treecover2000,Hansen/UMD/Google/USGS/NASA Global Forest Change (Tree Cover),opportunity_space,,,2000–2023,30,"[""global""]",geotiff_cog,gee_asset,https://earthenginepartners.appspot.com/science-2013-global-forest,UMD/hansen/global_forest_change_2023_v1_11,CC-BY-4.0,"Hansen, M.C. et al. (2013). High-Resolution Global Maps of 21st-Century Forest Cover Change. Science, 342(6160), 850–853.",10.1126/science.1244693,v1.11 (2023),Current tree cover = baseline (2000) − loss + gain. Used to identify areas below 10% tree cover as agroforestry expansion opportunity and areas with existing tree cover for context. Singh et al. (2024) and Ahmad et al. (2020) use Hansen tree cover as AF suitability input.,Confusion between natural forest and plantation/agroforestry systems. Understory trees in agroforestry are often missed at 30m resolution. Not for: Legal deforestation monitoring for jurisdictional REDD+; plot-level timber volume,Global Forest Change tree cover and loss layers (Hansen et al.) at 30 m.,grid,
chirps_precipitation_v2,CHIRPS v2.0 (Climate Hazards Group InfraRed Precipitation with Stations),climate_hazard,drought,baseline,1981–present,5566,"[""global""]",geotiff_cog,gee_asset,https://www.chc.ucsb.edu/data/chirps,UCSB-CHG/CHIRPS/DAILY,public_domain,"Funk, C., Peterson, P., Landsfeld, M., Pedreros, D., Verdin, J., Shukla, S., Husak, G., Rowland, J., Harrison, L., Hoell, A. & Michaelsen, J. (2015). The climate hazards infrared precipitation with stations—a new environmental record for monitoring extremes. Scientific Data, 2, 150066.",10.1038/sdata.2015.66,v2.0,Aggregate daily to annual totals; compute the interannual coefficient of variation (CV) over a multi-decadal window for rainfall_variability_exposure. Pull the AOI window via xee and reduce server-side; UCSB-CHG/CHIRPS/PENTAD is a lighter alternative to DAILY.,Quasi-global 50°S–50°N only (covers all tropical/subtropical land incl. the LDC pilots). Gauge-sparse regions lean on the satellite estimate; known biases over complex terrain and hyper-arid zones. Not for: sub-daily intensity or design-storm work.,CHIRPS v2.0 — Climate Hazards Group InfraRed Precipitation with Stations; ~5 km (0.05°) daily precipitation; quasi-global; 1981-present.,grid,
scs_cn_runoff_composite,HydroSHEDS Watershed Boundaries and River Network,geographic_context,,,2000 (SRTM-derived),90,"[""global""]",shapefile,direct_download,https://www.hydrosheds.org/,WWF/HydroSHEDS/v1/Basins/hybas_12,CC-BY-4.0,"Lehner, B. et al. (2008). New global hydrography derived from spaceborne elevation data. Eos, Transactions AGU, 89(10), 93-94.",10.1029/2008EO100001,v1,Use HydroBASINS level 8-10 for sub-watershed delineation context. Stream order used as a primary RWH site-type discriminator: first/second-order streams suit check dams and gully plugs; third/fourth-order streams suit percolation tanks; larger streams suit small dams. Kumar et al. (2018) and Singh et al. (2016) use stream order as a primary MCDA criterion.,Derived from 3-arc-second SRTM; misses ephemeral channels in flat arid terrain. Resolution insufficient for first-order gully mapping. Not for: Detailed gully morphometry; flash flood routing,Composite SCS curve-number runoff potential surface combining land-cover and hydrologic soil group.,grid,
copernicus_dem_glo30,Copernicus DEM GLO-30,structural_suitability,,,2011–2015,30,"[""global""]",geotiff_cog,gee_asset,https://registry.opendata.aws/copernicus-dem/,COPERNICUS/DEM/GLO30,Copernicus free-and-open (ESA/EU),European Space Agency (2022). Copernicus Global Digital Elevation Model GLO-30 (TanDEM-X).,,GLO-30,"GEE-hosted ImageCollection (mosaic; band DEM). Preferred elevation source over SRTM — newer, void-filled, globally complete. Derive slope/aspect on EE at native 30 m (derive-then-aggregate), pull AOI grid via xee. Fitness-equivalent COG version on AWS Open Data (s3://copernicus-dem-30m) if a GEE-free path is ever needed. Loader: src/nbs_ruralscan/data_loaders/datasets/copernicus_dem_glo30.py.",DSM (includes canopy/buildings) — not bare-earth. Not for: Engineering design,"Copernicus DEM GLO-30 — global ~30 m digital surface model (TanDEM-X, edited/void-filled). Preferred elevation source over SRTM for slope/aspect.",grid,
worldclim_v2_precip,WorldClim v2.1 Monthly Precipitation,climate_hazard,drought,baseline,1970-2000,1000,"[""global""]",geotiff_cog,direct_download,https://www.worldclim.org/data/worldclim21.html,WORLDCLIM/V1/MONTHLY,CC-BY-4.0,Fick & Hijmans (2017). WorldClim 2. International Journal of Climatology.,10.1002/joc.5086,v2.1,Extract mean annual precipitation and wet-season monthly totals for SCS-CN runoff calculation.,30-year climatological mean; interannual variability not captured. Not for: Flood frequency analysis; design-storm estimation,WorldClim v2 monthly precipitation (1970-2000) at ~1 km.,grid,
mapspam_cocoa_2020,MapSPAM 2020 cocoa harvested area,structural_suitability,,,2020,10000,"[""global""]",geotiff,direct_download,https://mapspam.info/,,CC-BY-4.0,IFPRI (2024) MapSPAM 2020 Global Spatially-Disaggregated Crop Production.,,2020,Use harvested-area fraction as graded crop-presence constraint.,"~10 km; allocation-model estimate, not observed. Coarse for sub-national targeting. Not for: plot siting.",MapSPAM 2020 — gridded crop production allocation for cocoa at ~10 km.,grid,
wb_admin_boundaries,World Bank Official Boundaries,geographic_context,,,,,"[""global""]",geopackage,direct_download,https://datacatalog.worldbank.org/search/dataset/0038272/world-bank-official-boundaries,,CC-BY-4.0,"World Bank (2024). World Bank Official Boundaries. World Bank Data Catalog, dataset 0038272.",,,"Download Admin 0/1/2 GeoPackages; convert to a GeoParquet store partitioned by admin level, Hilbert-sorted, bbox-covered, zstd-compressed. Filter to AOI country via ISO_A3 (ISO 3166-1 alpha-3). Used for AOI definition + admin-level zonal reporting (M4). Loader: src/nbs_ruralscan/data_loaders/datasets/wb_admin_boundaries.py.","WB depiction of boundaries; the WB_A3 code deviates from ISO3 for some disputed territories — filter on ISO_A3, not WB_A3. Not for: dispute adjudication.","World Bank Official Administrative Boundaries (Admin 0/1/2) — country and subnational polygons for AOI definition and admin-level reporting.",vector,
glad_global_cropland_2019,GLAD Global Cropland 2019 (30m),geographic_context,,,,30,"[""global""]",geotiff_cog,gee_asset,https://glad.umd.edu/dataset/croplands,users/potapovpeter/Global_cropland_2019,CC-BY-4.0,"Potapov, P., Turubanova, S., Hansen, M. C., Tyukavina, A., Zalles, V., Khan, A., Song, X.-P., Pickens, A., Shen, Q., & Cortez, J. (2022). Global maps of cropland extent and change show accelerated cropland expansion in the twenty-first century. Nature Food, 3, 19-28.",10.1038/s43016-021-00429-z,2019,Use as binary cropland presence layer.,Cropland definition includes fallow + temporary cropping; rotational use may misclassify.,"Potapov et al. (2022) global cropland extent for the year 2019 at 30m, derived from Landsat time series. Binary cropland mask.",grid,
esa_worldcereal_2021,ESA WorldCereal 2021 (10m),geographic_context,,,,10,"[""global""]",geotiff_cog,direct_download,https://esa-worldcereal.org/en/products,,CC-BY-4.0,"Van Tricht, K., Degerickx, J., Gilliams, S., Zanaga, D., Battude, M., Grosu, A., Brombacher, J., Pelayo, Y. M., Lesiv, M., Buchhorn, M., Smets, B., Tarko, A., Szantoi, Z., Bauwens, I., Defourny, P., & Szilagyi, I. (2023). WorldCereal: a dynamic open-source system for global-scale, seasonal, and reproducible crop and irrigation mapping. Earth System Science Data, 15, 5491-5515.",10.5194/essd-15-5491-2023,2021,"Multi-layer: active_cropland, temporary_crops, irrigation. Pick layer per use.",Calibration variable by region; irrigation class is presence not intensity.,"ESA WorldCereal product (2020-2021 season) at 10m: active cropland + 4 seasonal crop classes (temporary crops, irrigated/rainfed). Used here as cropland + irrigation auxiliary.",grid,
glw4_livestock_2020,"Gridded Livestock of the World v4 (GLW4, 2020)",geographic_context,,,,10000,"[""global""]",geotiff,direct_download,https://dataverse.harvard.edu/dataverse/glw,,CC-BY-4.0,"Gilbert, M., Nicolas, G., Cinardi, G., Van Boeckel, T. P., Vanwambeke, S. O., Wint, G. R. W., & Robinson, T. P. (2018). Global distribution data for cattle, buffaloes, horses, sheep, goats, pigs, chickens and ducks in 2010. Scientific Data, 5, 180227. (v4 update 2024).",10.1038/sdata.2018.227,v4 (2024),Sum across ruminant species (cattle + buffalo + sheep + goats) for total ruminant density; convert TLU using ILRI weights for fair comparison.,"Modelled (dasymetric), not observed; uncertainty highest in pastoral / mobile-herd contexts.","FAO/ILRI/UMR-SELMET gridded livestock density (per species: cattle, buffalo, sheep, goats, pigs, chickens, ducks, horses) at ~10 km, year 2015 baseline (v4 release 2024).",grid,
fao_gmia_v5,FAO Global Map of Irrigation Areas v5 (GMIA),geographic_context,,,,10000,"[""global""]",geotiff,direct_download,https://www.fao.org/aquastat/en/geospatial-information/global-maps-irrigated-areas/,,CC-BY-4.0,"Siebert, S., Henrich, V., Frenken, K., & Burke, J. (2013). Update of the digital global map of irrigation areas to version 5. FAO/Rheinische Friedrich-Wilhelms-Universität Bonn.",,v5,"Area equipped for irrigation is potential, not actual irrigation use; combine with WorldCereal irrigation for refinement.",Coarse resolution; lags real-world updates; rainfed mosaics may be misclassified at coarse aggregation.,"FAO/Rheinische Friedrich-Wilhelms-Universität Bonn GMIA v5 — area equipped for irrigation as % of cell, at 5 arc-minute (~10 km).",grid,
bii_nhm_global,Biodiversity Intactness Index (BII) — NHM/RSPB/UNEP-WCMC,opportunity_space,,,,1000,"[""global""]",geotiff,direct_download,https://data.nhm.ac.uk/dataset/global-map-of-the-biodiversity-intactness-index-from-newbold-et-al-2016-science,,CC-BY-4.0,"Newbold, T., Hudson, L. N., Arnell, A. P., Contu, S., De Palma, A., Ferrier, S., ... & Purvis, A. (2016). Has land use pushed terrestrial biodiversity beyond the planetary boundary? A global assessment. Science, 353(6296), 288-291.",10.1126/science.aaf2201,2016,"BII is a 0-100 (or 0-1) intactness index — invert if framing biodiversity_priority as 'higher = more concern' (i.e. priority = 1 - intactness, so lowest-intactness areas surface).",Modelled (PREDICTS database); systematic uncertainty in under-sampled biomes. Doesn't capture rare-species hotspots — pair with KBA polygons as a binary high-priority flag.,"Global Biodiversity Intactness Index — modelled remaining proportion of local biodiversity intactness vs an undisturbed baseline, ~1 km global gridded surface.",grid,
mod13q1_ndvi,"MODIS MOD13Q1 NDVI (250m, 16-day)",opportunity_space,,,,250,"[""global""]",geotiff,gee_asset,https://lpdaac.usgs.gov/products/mod13q1v061/,MODIS/061/MOD13Q1,public_domain,"Didan, K. (2021). MODIS/Terra Vegetation Indices 16-Day L3 Global 250m SIN Grid V061. NASA EOSDIS Land Processes DAAC.",10.5067/MODIS/MOD13Q1.061,v061,Aggregate to annual mean / max-NDVI / range as needed. Mask cloud-flagged pixels per QA layer.,Coarser than Sentinel-2; for finer NDVI use Sentinel-2 SR. Cloud contamination in tropics.,NASA MODIS Terra Vegetation Indices MOD13Q1 — 16-day composite NDVI at 250m. The de facto standard NDVI surface for time-series + annual aggregation.,grid,
worldclim_v2_srad,WorldClim v2.1 solar radiation,climate_hazard,,baseline,,1000,"[""global""]",geotiff,direct_download,https://worldclim.org/data/worldclim21.html,,CC-BY-4.0,"Fick, S. E., & Hijmans, R. J. (2017). WorldClim 2: new 1-km spatial resolution climate surfaces for global land areas. International Journal of Climatology, 37(12), 4302-4315.",10.1002/joc.5086,v2.1,Sum across months or take annual mean as appropriate.,"Modelled (not measured) at any specific location; baseline only, no climate projections in this release.","WorldClim v2.1 monthly solar radiation surface, ~1 km, 1970-2000 climatology. kJ/m²/day.",grid,
ghsl_built_up,"GHSL Built-Up Surface (100m, multi-temporal)",geographic_context,,,,100,"[""global""]",geotiff,direct_download,https://human-settlement.emergency.copernicus.eu/,,CC-BY-4.0,"Pesaresi, M., & Politis, P. (2023). GHS-BUILT-S R2023A — GHS built-up surface grid, derived from Sentinel-2 composite and Landsat, multitemporal (1975-2030). European Commission, Joint Research Centre (JRC).",10.2905/9F06F36F-4B11-47EC-ABB0-4F8B7B1D72EA,R2023A,Pick the epoch nearest to the run year; threshold built-up share if a binary mask is needed.,Smallholder rural settlement under-detected at 100m; complements WorldPop population for a built+population framing.,"Joint Research Centre Global Human Settlement Layer (GHSL) built-up surface — global multi-temporal product at 100m, 5-year epochs from 1975 to present.",grid,
nelson_accessibility_2015,"Global accessibility to cities — Weiss et al. (Nelson) 2018, 2015 baseline",adaptive_capacity,,,,1000,"[""global""]",geotiff,gee_asset,https://malariaatlas.org/explorer/,Oxford/MAP/accessibility_to_cities_2015_v1_0,CC-BY-4.0,"Weiss, D. J., et al. (2018). A global map of travel time to cities to assess inequalities in accessibility in 2015. Nature, 553, 333-336.",10.1038/nature25181,2015,Travel time minutes; invert if framing as accessibility (1 / time) for the suitability surface.,Road network from OSM ~2016; coverage variable in remote regions; not updated for post-2016 infrastructure.,"Global travel time to the nearest city of 50,000+ inhabitants at ~1 km. Built from road network, terrain, surface friction and city polygons.",grid,
viirs_nighttime_lights,VIIRS Day/Night Band Annual Composite (night-lights),adaptive_capacity,,,,500,"[""global""]",geotiff,gee_asset,https://eogdata.mines.edu/products/vnl/,NOAA/VIIRS/DNB/ANNUAL_V21,public_domain,"Elvidge, C. D., et al. (2021). Annual time series of global VIIRS nighttime lights derived from monthly averages: 2012 to 2019. Remote Sensing, 13(5), 922.",10.3390/rs13050922,v21,Use as continuous radiance or threshold (e.g. >1 nW/cm²/sr) for binary 'grid-served'.,"Proxy only — captures lit pavement + industrial flaring, not domestic-only electrification.",NOAA Earth Observation Group VIIRS DNB annual cloud-free composite at ~500m — radiance values used as electrification proxy.,grid,
landmark_iplc_lands,LandMark — Global Platform of Indigenous & Community Lands,geographic_context,,,,,"[""global""]",shapefile,direct_download,https://www.landmarkmap.org/,,CC-BY-4.0,LandMark Consortium (2024). LandMark: Global Platform of Indigenous and Community Lands. World Resources Institute and partners.,,2024,Spatial join with AOI; flag overlap as FPIC_REQUIRED for M6 hand-off.,Coverage is patchy — only countries where IPLC mapping is documented; absence ≠ no IPLC presence.,"Global vector platform of indigenous and community lands — formal recognition status, customary tenure boundaries.",vector,
acled_conflict_events,ACLED — Armed Conflict Location & Event Data,adaptive_capacity,,,,,"[""global""]",csv,api,https://acleddata.com/,,proprietary_licensed,"Raleigh, C., Linke, A., Hegre, H., & Karlsen, J. (2010). Introducing ACLED-Armed Conflict Location and Event Data. Journal of Peace Research, 47(5), 651-660.",10.1177/0022343310378914,live,Aggregate events per km² over a rolling window (e.g. 5 years); pair with WB FCV admin0 list.,Event detection bias (media-coverage-dependent); under-reporting in less-mediated conflicts.,"Point-event conflict dataset (battles, violence, riots, protests) with daily updates. Used here as gridded event density for fragility framing.",vector,
wb_wgi_governance,World Bank Worldwide Governance Indicators (WGI),adaptive_capacity,,,,,"[""global""]",csv,direct_download,https://www.worldbank.org/en/publication/worldwide-governance-indicators,,CC-BY-4.0,"Kaufmann, D., Kraay, A., & Mastruzzi, M. (2010). The Worldwide Governance Indicators: Methodology and Analytical Issues. World Bank Policy Research Working Paper 5430.",,annual,Use the 'government effectiveness' indicator as the default extension/governance proxy; composite across all six if a broader index is needed.,Country-level only; no subnational variation — qualified-flag-only for in-country MCDA differentiation (per T5 spatial-grain rule).,"WB WGI — six aggregate governance indicators (voice/accountability, political stability, government effectiveness, regulatory quality, rule of law, control of corruption), admin0, annual.",admin,admin0
wb_findex_access,World Bank Global Findex (financial inclusion),adaptive_capacity,,,,,"[""global""]",csv,direct_download,https://www.worldbank.org/en/publication/globalfindex,,CC-BY-4.0,"Demirgüç-Kunt, A., Klapper, L., Singer, D., & Ansar, S. (2022). The Global Findex Database 2021: Financial Inclusion, Digital Payments, and Resilience in the Age of COVID-19. World Bank.",10.1596/978-1-4648-1897-4,2021,Use 'account ownership' or 'borrowed from formal financial institution' as the rural-finance proxy; subnational requires_upload via national surveys.,"Survey-based, country-level only; subnational requires_upload.","WB Global Findex — financial inclusion indicators (account ownership, savings, credit, mobile money). Survey-based, admin0, triennial.",admin,admin0
faostat_country_indicators,FAOSTAT — country agricultural statistics,adaptive_capacity,,,,,"[""global""]",csv,api,https://www.fao.org/faostat/en/,,CC-BY-4.0,FAO (2024). FAOSTAT statistical database. Rome: Food and Agriculture Organization of the United Nations.,,live,Use producer prices + trade volumes as a market-depth proxy; subnational requires country-team uploads.,Admin0 granularity; subnational variation invisible.,"FAO statistical database — country agricultural production, trade, prices, food balances. Admin0, annual.",admin,admin0
ilo_labour_statistics,ILOSTAT — labour statistics,adaptive_capacity,,,,,"[""global""]",csv,api,https://ilostat.ilo.org/,,CC-BY-4.0,"ILO (2024). ILOSTAT — Labour Statistics. International Labour Organization, Geneva.",,live,Use 'agricultural employment as % of total employment' as the rural-labour-availability framing; pair with LSMS-ISA for subnational where present.,Country-level only; subnational variation requires LSMS-ISA or country uploads.,"International Labour Organization ILOSTAT — labour-force participation, agricultural employment share, wage indicators. Admin0, annual.",admin,admin0
jrc_global_flood_hazard,JRC Global Flood Hazard Maps (Dottori et al. 2016),climate_hazard,flood,baseline,,1000,"[""global""]",geotiff,direct_download,https://data.jrc.ec.europa.eu/dataset/jrc-floods-floodmapgl_rp50y-tif,,CC-BY-4.0,"Dottori, F., Salamon, P., Bianchi, A., Alfieri, L., Hirpa, F. A., & Feyen, L. (2016). Development and evaluation of a framework for global flood hazard mapping. Advances in Water Resources, 94, 87-102.",10.1016/j.advwatres.2016.05.002,2016,Pick return-period band (100y default for scoping); model assumes existing flood protection per FLOPROS.,River flooding only — pluvial/urban + coastal flooding need separate layers (e.g. WRI Aqueduct Coastal). Hydrological-model uncertainty in data-sparse basins.,"JRC global river-flood hazard maps — return-period flood depth grids (e.g. 100-year, 500-year) at ~30 arc-second (~1 km).",grid,
wri_aqueduct_water_stress,WRI Aqueduct 4.0 — water stress baseline,climate_hazard,,baseline,,1000,"[""global""]",geotiff,direct_download,https://www.wri.org/data/aqueduct-water-risk-atlas,,CC-BY-4.0,"Kuzma, S., Saccoccia, L., & Chertock, M. (2023). 25 Countries, Housing One-quarter of the Population, Face Extremely High Water Stress. World Resources Institute (Aqueduct 4.0).",,4.0,Use the baseline-water-stress (BWS) layer; SSP scenarios available for future projections.,Basin/admin1 granularity; not pixel-level.,"World Resources Institute Aqueduct 4.0 baseline water-stress index — ratio of withdrawals to renewable supply, at HydroSHEDS basin level + admin1.",grid,
undp_gii_national,UNDP Gender Inequality Index (GII),opportunity_space,,,,,"[""global""]",csv,direct_download,https://hdr.undp.org/data-center/thematic-composite-indices/gender-inequality-index,,CC-BY-4.0,"UNDP (2024). Gender Inequality Index (GII). Human Development Report Office, United Nations Development Programme.",,2022,"National-flag layer; subnational disaggregation requires_upload (LSMS, DHS).","Admin0 only — no subnational variation. Per T5 spatial-grain rule, surfaces as qualified flag, not hotspot driver.","UNDP Human Development Report Office Gender Inequality Index — composite of reproductive health, empowerment, labour-market gender gap. Admin0, annual.",admin,admin0
lesiv_smallholder_farm_size,Lesiv et al. Global field-size / smallholder share,opportunity_space,,,,1000,"[""global""]",geotiff,direct_download,https://pure.iiasa.ac.at/15526,,CC-BY-4.0,"Lesiv, M., Bayas, J. C. L., See, L., Duerauer, M., Dahlia, D., Durando, N., et al. (2019). Estimating the global distribution of field size using crowdsourcing. Global Change Biology, 25, 174-186.",10.1111/gcb.14492,2019,Use field-size class or smallholder fraction depending on T5 framing.,Crowdsourced — sampling uneven; complements national agricultural censuses rather than replaces them.,"Lesiv et al. (2019) global field-size and smallholder-share dataset — derived from crowdsourced photo-interpretation, ~1 km. Field-size class + smallholder fraction.",grid,
mapspam_v2,MapSPAM 2017 v2.0 — global crop production value,opportunity_space,,,,10000,"[""global""]",geotiff,direct_download,https://www.mapspam.info/,,CC-BY-4.0,International Food Policy Research Institute (IFPRI) (2024). Global Spatially-Disaggregated Crop Production Statistics Data for 2017 Version 2.0. Harvard Dataverse.,10.7910/DVN/SWPENT,v2.0 (2017 baseline),Sum economic value across crops for a generic production-value layer; per-crop layers also available.,Modelled allocation (not surveyed); coarse ~10 km; specific tree-perennial coverage weak (use Forest Data Partnership for cocoa/coffee/palm).,"IFPRI/IIASA Spatial Production Allocation Model (MapSPAM) v2.0 — gridded crop area, yield, production, value for 42 crops at ~10 km.",grid,
